5.0,5.0,5.0,5.0,5.0,5.0,5.0,5.0,5.0,5.0,5.0,5.0,5.0,5.0,5.0,5.0,1.0e-8,1.0e-8,1.0e-8,1.0e-8,1.0e-8,1.0e-8,1.0e-8,1.0e-8,1.0e-8,1.0e-8,1.0e-8,1.0e-8,1.0e-8,1.0e-8,1.0e-8,1.0e-8,5.0,5.0,5.0,5.0,5.0,5.0,5.0,5.0,5.0,5.0,5.0,5.0,5.0,5.0,5.0,5.0,1.0e-8,1.0e-8,1.0e-8,1.0e-8,1.0e-8,1.0e-8,1.0e-8,1.0e-8,1.0e-8,1.0e-8,1.0e-8,1.0e-8,1.0e-8,1.0e-8,1.0e-8,1.0e-8,5.0,5.0,5.0,5.0,5.0,5.0,5.0,5.0,5.0,5.0,5.0,5.0,5.0,5.0,5.0,5.0,1.0e-8,1.0e-8,1.0e-8,1.0e-8,1.0e-8,1.0e-8,1.0e-8,1.0e-8,1.0e-8,1.0e-8,1.0e-8,1.0e-8,1.0e-8,1.0e-8,1.0e-8,1.0e-8,5.0,5.0,5.0,5.0,5.0,5.0,5.0,5.0,5.0,5.0,5.0,5.0,5.0,5.0,5.0,5.0,1.0e-8,1.0e-8,1.0e-8,1.0e-8,1.0e-8,1.0e-8,1.0e-8,1.0e-8,1.0e-8,1.0e-8,1.0e-8,1.0e-8,1.0e-8,1.0e-8,1.0e-8,1.0e-8,5.0,5.0,5.0,5.0,5.0,5.0,5.0,5.0,5.0,5.0,5.0,5.0,5.0,5.0,5.0,5.0,1.0e-8,1.0e-8,1.0e-8,1.0e-8,1.0e-8,1.0e-8,1.0e-8,1.0e-8,1.0e-8,1.0e-8,1.0e-8,1.0e-8,1.0e-8,1.0e-8,1.0e-8,1.0e-8,5.0,5.0,5.0,5.0,5.0,5.0,5.0,5.0,5.0,5.0,5.0,5.0,5.0,5.0,5.0,5.0,1.0e-8,1.0e-8,1.0e-8,1.0e-8,1.0e-8,1.0e-8,1.0e-8,1.0e-8,1.0e-8,1.0e-8,1.0e-8,1.0e-8,1.0e-8,1.0e-8,1.0e-8,1.0e-8,5.0,5.0,5.0,5.0,5.0,5.0,5.0,5.0,5.0,5.0,5.0,5.0,5.0,5.0,5.0,5.0,1.0e-8,1.0e-8,1.0e-8,1.0e-8,1.0e-8,1.0e-8,1.0e-8,1.0e-8,1.0e-8,1.0e-8,1.0e-8,1.0e-8,1.0e-8,1.0e-8,1.0e-8,1.0e-8,5.0,5.0,5.0,5.0,5.0,5.0,5.0,5.0,5.0,5.0,5.0,5.0,5.0,5.0,5.0,5.0,1.0e-8,1.0e-8,1.0e-8,1.0e-8,1.0e-8,1.0e-8,1.0e-8,1.0e-8,1.0e-8,1.0e-8,1.0e-8,1.0e-8,1.0e-8,1.0e-8,1.0e-8,1.0e-8,5.0,5.0,5.0,5.0,5.0,5.0,5.0,5.0,5.0,5.0,5.0,5.0,5.0,5.0,5.0,5.0,1.0e-8,1.0e-8,1.0e-8,1.0e-8,1.0e-8,1.0e-8,1.0e-8,1.0e-8,1.0e-8,1.0e-8,1.0e-8,1.0e-8,1.0e-8,1.0e-8,1.0e-8,1.0e-8,5.0,5.0,5.0,5.0,5.0,5.0,5.0,5.0,5.0,5.0,5.0,5.0,5.0,5.0,5.0,5.0,1.0e-8,1.0e-8,1.0e-8,1.0e-8,1.0e-8,1.0e-8,1.0e-8,1.0e-8,1.0e-8,1.0e-8,1.0e-8,1.0e-8,1.0e-8,1.0e-8,1.0e-8,1.0e-8,5.0,5.0,5.0,5.0,5.0,5.0,5.0,5.0,5.0,5.0,5.0,5.0,5.0,5.0,5.0,5.0,1.0e-8,1.0e-8,1.0e-8,1.0e-8,1.0e-8,1.0e-8,1.0e-8,1.0e-8,1.0e-8,1.0e-8,1.0e-8,1.0e-8,1.0e-8,1.0e-8,1.0e-8,1.0e-8,5.0,5.0,5.0,5.0,5.0,5.0,5.0,5.0,5.0,5.0,5.0,5.0,5.0,5.0,5.0,5.0,1.0e-8,1.0e-8,1.0e-8,1.0e-8,1.0e-8,1.0e-8,1.0e-8,1.0e-8,1.0e-8,1.0e-8,1.0e-8,1.0e-8,1.0e-8,1.0e-8,1.0e-8,1.0e-8,5.0,5.0,5.0,5.0,5.0,5.0,5.0,5.0,5.0,5.0,5.0,5.0,5.0,5.0,5.0,5.0,1.0e-8,1.0e-8,1.0e-8,1.0e-8,1.0e-8,1.0e-8,1.0e-8,1.0e-8,1.0e-8,1.0e-8,1.0e-8,1.0e-8,1.0e-8,1.0e-8,1.0e-8,1.0e-8,5.0,5.0,5.0,5.0,5.0,5.0,5.0,5.0,5.0,5.0,5.0,5.0,5.0,5.0,5.0,5.0,1.0e-8,1.0e-8,1.0e-8,1.0e-8,1.0e-8,1.0e-8,1.0e-8,1.0e-8,1.0e-8,1.0e-8,1.0e-8,1.0e-8,1.0e-8,1.0e-8,1.0e-8,1.0e-8,5.0,5.0,5.0,5.0,5.0,5.0,5.0,5.0,5.0,5.0,5.0,5.0,5.0,5.0,5.0,5.0,1.0e-8,1.0e-8,1.0e-8,1.0e-8,1.0e-8,1.0e-8,1.0e-8,1.0e-8,1.0e-8,1.0e-8,1.0e-8,1.0e-8,1.0e-8,1.0e-8,1.0e-8,1.0e-8,5.0,5.0,5.0,5.0,5.0,5.0,5.0,5.0,5.0,5.0,5.0,5.0,5.0,5.0,5.0,5.0,1.0e-8,1.0e-8,1.0e-8,1.0e-8,1.0e-8,1.0e-8,1.0e-8,1.0e-8,1.0e-8,1.0e-8,1.0e-8,1.0e-8,1.0e-8,1.0e-8,1.0e-8,1.0e-8
5.0,5.0,5.0,5.0,5.0,5.0,5.0,5.0,5.0,5.0,5.0,5.0,5.0,5.0,5.0,5.0,1.0e-8,1.0e-8,1.0e-8,1.0e-8,1.0e-8,1.0e-8,1.0e-8,1.0e-8,1.0e-8,1.0e-8,1.0e-8,1.0e-8,1.0e-8,1.0e-8,1.0e-8,1.0e-8,5.0,5.0,5.0,5.0,5.0,5.0,5.0,5.0,5.0,5.0,5.0,5.0,5.0,5.0,5.0,5.0,1.0e-8,1.0e-8,1.0e-8,1.0e-8,1.0e-8,1.0e-8,1.0e-8,1.0e-8,1.0e-8,1.0e-8,1.0e-8,1.0e-8,1.0e-8,1.0e-8,1.0e-8,1.0e-8,5.0,5.0,5.0,5.0,5.0,5.0,5.0,5.0,5.0,5.0,5.0,5.0,5.0,5.0,5.0,5.0,1.0e-8,1.0e-8,1.0e-8,1.0e-8,1.0e-8,1.0e-8,1.0e-8,1.0e-8,1.0e-8,1.0e-8,1.0e-8,1.0e-8,1.0e-8,1.0e-8,1.0e-8,1.0e-8,5.0,5.0,5.0,5.0,5.0,5.0,5.0,5.0,5.0,5.0,5.0,5.0,5.0,5.0,5.0,5.0,1.0e-8,1.0e-8,1.0e-8,1.0e-8,1.0e-8,1.0e-8,1.0e-8,1.0e-8,1.0e-8,1.0e-8,1.0e-8,1.0e-8,1.0e-8,1.0e-8,1.0e-8,1.0e-8,5.0,5.0,5.0,5.0,5.0,5.0,5.0,5.0,5.0,5.0,5.0,5.0,5.0,5.0,5.0,5.0,1.0e-8,1.0e-8,1.0e-8,1.0e-8,1.0e-8,1.0e-8,1.0e-8,1.0e-8,1.0e-8,1.0e-8,1.0e-8,1.0e-8,1.0e-8,1.0e-8,1.0e-8,1.0e-8,5.0,5.0,5.0,5.0,5.0,5.0,5.0,5.0,5.0,5.0,5.0,5.0,5.0,5.0,5.0,5.0,1.0e-8,1.0e-8,1.0e-8,1.0e-8,1.0e-8,1.0e-8,1.0e-8,1.0e-8,1.0e-8,1.0e-8,1.0e-8,1.0e-8,1.0e-8,1.0e-8,1.0e-8,1.0e-8,5.0,5.0,5.0,5.0,5.0,5.0,5.0,5.0,5.0,5.0,5.0,5.0,5.0,5.0,5.0,5.0,1.0e-8,1.0e-8,1.0e-8,1.0e-8,1.0e-8,1.0e-8,1.0e-8,1.0e-8,1.0e-8,1.0e-8,1.0e-8,1.0e-8,1.0e-8,1.0e-8,1.0e-8,1.0e-8,5.0,5.0,5.0,5.0,5.0,5.0,5.0,5.0,5.0,5.0,5.0,5.0,5.0,5.0,5.0,5.0,1.0e-8,1.0e-8,1.0e-8,1.0e-8,1.0e-8,1.0e-8,1.0e-8,1.0e-8,1.0e-8,1.0e-8,1.0e-8,1.0e-8,1.0e-8,1.0e-8,1.0e-8,1.0e-8,5.0,5.0,5.0,5.0,5.0,5.0,5.0,5.0,5.0,5.0,5.0,5.0,5.0,5.0,5.0,5.0,1.0e-8,1.0e-8,1.0e-8,1.0e-8,1.0e-8,1.0e-8,1.0e-8,1.0e-8,1.0e-8,1.0e-8,1.0e-8,1.0e-8,1.0e-8,1.0e-8,1.0e-8,1.0e-8,5.0,5.0,5.0,5.0,5.0,5.0,5.0,5.0,5.0,5.0,5.0,5.0,5.0,5.0,5.0,5.0,1.0e-8,1.0e-8,1.0e-8,1.0e-8,1.0e-8,1.0e-8,1.0e-8,1.0e-8,1.0e-8,1.0e-8,1.0e-8,1.0e-8,1.0e-8,1.0e-8,1.0e-8,1.0e-8,5.0,5.0,5.0,5.0,5.0,5.0,5.0,5.0,5.0,5.0,5.0,5.0,5.0,5.0,5.0,5.0,1.0e-8,1.0e-8,1.0e-8,1.0e-8,1.0e-8,1.0e-8,1.0e-8,1.0e-8,1.0e-8,1.0e-8,1.0e-8,1.0e-8,1.0e-8,1.0e-8,1.0e-8,1.0e-8,5.0,5.0,5.0,5.0,5.0,5.0,5.0,5.0,5.0,5.0,5.0,5.0,5.0,5.0,5.0,5.0,1.0e-8,1.0e-8,1.0e-8,1.0e-8,1.0e-8,1.0e-8,1.0e-8,1.0e-8,1.0e-8,1.0e-8,1.0e-8,1.0e-8,1.0e-8,1.0e-8,1.0e-8,1.0e-8,5.0,5.0,5.0,5.0,5.0,5.0,5.0,5.0,5.0,5.0,5.0,5.0,5.0,5.0,5.0,5.0,1.0e-8,1.0e-8,1.0e-8,1.0e-8,1.0e-8,1.0e-8,1.0e-8,1.0e-8,1.0e-8,1.0e-8,1.0e-8,1.0e-8,1.0e-8,1.0e-8,1.0e-8,1.0e-8,5.0,5.0,5.0,5.0,5.0,5.0,5.0,5.0,5.0,5.0,5.0,5.0,5.0,5.0,5.0,5.0,1.0e-8,1.0e-8,1.0e-8,1.0e-8,1.0e-8,1.0e-8,1.0e-8,1.0e-8,1.0e-8,1.0e-8,1.0e-8,1.0e-8,1.0e-8,1.0e-8,1.0e-8,1.0e-8,5.0,5.0,5.0,5.0,5.0,5.0,5.0,5.0,5.0,5.0,5.0,5.0,5.0,5.0,5.0,5.0,1.0e-8,1.0e-8,1.0e-8,1.0e-8,1.0e-8,1.0e-8,1.0e-8,1.0e-8,1.0e-8,1.0e-8,1.0e-8,1.0e-8,1.0e-8,1.0e-8,1.0e-8,1.0e-8,5.0,5.0,5.0,5.0,5.0,5.0,5.0,5.0,5.0,5.0,5.0,5.0,5.0,5.0,5.0,5.0,1.0e-8,1.0e-8,1.0e-8,1.0e-8,1.0e-8,1.0e-8,1.0e-8,1.0e-8,1.0e-8,1.0e-8,1.0e-8,1.0e-8,1.0e-8,1.0e-8,1.0e-8,1.0e-8
5.0,5.0,5.0,5.0,5.0,5.0,5.0,5.0,5.0,5.0,5.0,5.0,5.0,5.0,5.0,5.0,1.0e-8,1.0e-8,1.0e-8,1.0e-8,1.0e-8,1.0e-8,1.0e-8,1.0e-8,1.0e-8,1.0e-8,1.0e-8,1.0e-8,1.0e-8,1.0e-8,1.0e-8,1.0e-8,5.0,5.0,5.0,5.0,5.0,5.0,5.0,5.0,5.0,5.0,5.0,5.0,5.0,5.0,5.0,5.0,1.0e-8,1.0e-8,1.0e-8,1.0e-8,1.0e-8,1.0e-8,1.0e-8,1.0e-8,1.0e-8,1.0e-8,1.0e-8,1.0e-8,1.0e-8,1.0e-8,1.0e-8,1.0e-8,5.0,5.0,5.0,5.0,5.0,5.0,5.0,5.0,5.0,5.0,5.0,5.0,5.0,5.0,5.0,5.0,1.0e-8,1.0e-8,1.0e-8,1.0e-8,1.0e-8,1.0e-8,1.0e-8,1.0e-8,1.0e-8,1.0e-8,1.0e-8,1.0e-8,1.0e-8,1.0e-8,1.0e-8,1.0e-8,5.0,5.0,5.0,5.0,5.0,5.0,5.0,5.0,5.0,5.0,5.0,5.0,5.0,5.0,5.0,5.0,1.0e-8,1.0e-8,1.0e-8,1.0e-8,1.0e-8,1.0e-8,1.0e-8,1.0e-8,1.0e-8,1.0e-8,1.0e-8,1.0e-8,1.0e-8,1.0e-8,1.0e-8,1.0e-8,5.0,5.0,5.0,5.0,5.0,5.0,5.0,5.0,5.0,5.0,5.0,5.0,5.0,5.0,5.0,5.0,1.0e-8,1.0e-8,1.0e-8,1.0e-8,1.0e-8,1.0e-8,1.0e-8,1.0e-8,1.0e-8,1.0e-8,1.0e-8,1.0e-8,1.0e-8,1.0e-8,1.0e-8,1.0e-8,5.0,5.0,5.0,5.0,5.0,5.0,5.0,5.0,5.0,5.0,5.0,5.0,5.0,5.0,5.0,5.0,1.0e-8,1.0e-8,1.0e-8,1.0e-8,1.0e-8,1.0e-8,1.0e-8,1.0e-8,1.0e-8,1.0e-8,1.0e-8,1.0e-8,1.0e-8,1.0e-8,1.0e-8,1.0e-8,5.0,5.0,5.0,5.0,5.0,5.0,5.0,5.0,5.0,5.0,5.0,5.0,5.0,5.0,5.0,5.0,1.0e-8,1.0e-8,1.0e-8,1.0e-8,1.0e-8,1.0e-8,1.0e-8,1.0e-8,1.0e-8,1.0e-8,1.0e-8,1.0e-8,1.0e-8,1.0e-8,1.0e-8,1.0e-8,5.0,5.0,5.0,5.0,5.0,5.0,5.0,5.0,5.0,5.0,5.0,5.0,5.0,5.0,5.0,5.0,1.0e-8,1.0e-8,1.0e-8,1.0e-8,1.0e-8,1.0e-8,1.0e-8,1.0e-8,1.0e-8,1.0e-8,1.0e-8,1.0e-8,1.0e-8,1.0e-8,1.0e-8,1.0e-8,5.0,5.0,5.0,5.0,5.0,5.0,5.0,5.0,5.0,5.0,5.0,5.0,5.0,5.0,5.0,5.0,1.0e-8,1.0e-8,1.0e-8,1.0e-8,1.0e-8,1.0e-8,1.0e-8,1.0e-8,1.0e-8,1.0e-8,1.0e-8,1.0e-8,1.0e-8,1.0e-8,1.0e-8,1.0e-8,5.0,5.0,5.0,5.0,5.0,5.0,5.0,5.0,5.0,5.0,5.0,5.0,5.0,5.0,5.0,5.0,1.0e-8,1.0e-8,1.0e-8,1.0e-8,1.0e-8,1.0e-8,1.0e-8,1.0e-8,1.0e-8,1.0e-8,1.0e-8,1.0e-8,1.0e-8,1.0e-8,1.0e-8,1.0e-8,5.0,5.0,5.0,5.0,5.0,5.0,5.0,5.0,5.0,5.0,5.0,5.0,5.0,5.0,5.0,5.0,1.0e-8,1.0e-8,1.0e-8,1.0e-8,1.0e-8,1.0e-8,1.0e-8,1.0e-8,1.0e-8,1.0e-8,1.0e-8,1.0e-8,1.0e-8,1.0e-8,1.0e-8,1.0e-8,5.0,5.0,5.0,5.0,5.0,5.0,5.0,5.0,5.0,5.0,5.0,5.0,5.0,5.0,5.0,5.0,1.0e-8,1.0e-8,1.0e-8,1.0e-8,1.0e-8,1.0e-8,1.0e-8,1.0e-8,1.0e-8,1.0e-8,1.0e-8,1.0e-8,1.0e-8,1.0e-8,1.0e-8,1.0e-8,5.0,5.0,5.0,5.0,5.0,5.0,5.0,5.0,5.0,5.0,5.0,5.0,5.0,5.0,5.0,5.0,1.0e-8,1.0e-8,1.0e-8,1.0e-8,1.0e-8,1.0e-8,1.0e-8,1.0e-8,1.0e-8,1.0e-8,1.0e-8,1.0e-8,1.0e-8,1.0e-8,1.0e-8,1.0e-8,5.0,5.0,5.0,5.0,5.0,5.0,5.0,5.0,5.0,5.0,5.0,5.0,5.0,5.0,5.0,5.0,1.0e-8,1.0e-8,1.0e-8,1.0e-8,1.0e-8,1.0e-8,1.0e-8,1.0e-8,1.0e-8,1.0e-8,1.0e-8,1.0e-8,1.0e-8,1.0e-8,1.0e-8,1.0e-8,5.0,5.0,5.0,5.0,5.0,5.0,5.0,5.0,5.0,5.0,5.0,5.0,5.0,5.0,5.0,5.0,1.0e-8,1.0e-8,1.0e-8,1.0e-8,1.0e-8,1.0e-8,1.0e-8,1.0e-8,1.0e-8,1.0e-8,1.0e-8,1.0e-8,1.0e-8,1.0e-8,1.0e-8,1.0e-8,5.0,5.0,5.0,5.0,5.0,5.0,5.0,5.0,5.0,5.0,5.0,5.0,5.0,5.0,5.0,5.0,1.0e-8,1.0e-8,1.0e-8,1.0e-8,1.0e-8,1.0e-8,1.0e-8,1.0e-8,1.0e-8,1.0e-8,1.0e-8,1.0e-8,1.0e-8,1.0e-8,1.0e-8,1.0e-8
5.0,5.0,5.0,5.0,5.0,5.0,5.0,5.0,5.0,5.0,5.0,5.0,5.0,5.0,5.0,5.0,1.0e-8,1.0e-8,1.0e-8,1.0e-8,1.0e-8,1.0e-8,1.0e-8,1.0e-8,1.0e-8,1.0e-8,1.0e-8,1.0e-8,1.0e-8,1.0e-8,1.0e-8,1.0e-8,5.0,5.0,5.0,5.0,5.0,5.0,5.0,5.0,5.0,5.0,5.0,5.0,5.0,5.0,5.0,5.0,1.0e-8,1.0e-8,1.0e-8,1.0e-8,1.0e-8,1.0e-8,1.0e-8,1.0e-8,1.0e-8,1.0e-8,1.0e-8,1.0e-8,1.0e-8,1.0e-8,1.0e-8,1.0e-8,5.0,5.0,5.0,5.0,5.0,5.0,5.0,5.0,5.0,5.0,5.0,5.0,5.0,5.0,5.0,5.0,1.0e-8,1.0e-8,1.0e-8,1.0e-8,1.0e-8,1.0e-8,1.0e-8,1.0e-8,1.0e-8,1.0e-8,1.0e-8,1.0e-8,1.0e-8,1.0e-8,1.0e-8,1.0e-8,5.0,5.0,5.0,5.0,5.0,5.0,5.0,5.0,5.0,5.0,5.0,5.0,5.0,5.0,5.0,5.0,1.0e-8,1.0e-8,1.0e-8,1.0e-8,1.0e-8,1.0e-8,1.0e-8,1.0e-8,1.0e-8,1.0e-8,1.0e-8,1.0e-8,1.0e-8,1.0e-8,1.0e-8,1.0e-8,5.0,5.0,5.0,5.0,5.0,5.0,5.0,5.0,5.0,5.0,5.0,5.0,5.0,5.0,5.0,5.0,1.0e-8,1.0e-8,1.0e-8,1.0e-8,1.0e-8,1.0e-8,1.0e-8,1.0e-8,1.0e-8,1.0e-8,1.0e-8,1.0e-8,1.0e-8,1.0e-8,1.0e-8,1.0e-8,5.0,5.0,5.0,5.0,5.0,5.0,5.0,5.0,5.0,5.0,5.0,5.0,5.0,5.0,5.0,5.0,1.0e-8,1.0e-8,1.0e-8,1.0e-8,1.0e-8,1.0e-8,1.0e-8,1.0e-8,1.0e-8,1.0e-8,1.0e-8,1.0e-8,1.0e-8,1.0e-8,1.0e-8,1.0e-8,5.0,5.0,5.0,5.0,5.0,5.0,5.0,5.0,5.0,5.0,5.0,5.0,5.0,5.0,5.0,5.0,1.0e-8,1.0e-8,1.0e-8,1.0e-8,1.0e-8,1.0e-8,1.0e-8,1.0e-8,1.0e-8,1.0e-8,1.0e-8,1.0e-8,1.0e-8,1.0e-8,1.0e-8,1.0e-8,5.0,5.0,5.0,5.0,5.0,5.0,5.0,5.0,5.0,5.0,5.0,5.0,5.0,5.0,5.0,5.0,1.0e-8,1.0e-8,1.0e-8,1.0e-8,1.0e-8,1.0e-8,1.0e-8,1.0e-8,1.0e-8,1.0e-8,1.0e-8,1.0e-8,1.0e-8,1.0e-8,1.0e-8,1.0e-8,5.0,5.0,5.0,5.0,5.0,5.0,5.0,5.0,5.0,5.0,5.0,5.0,5.0,5.0,5.0,5.0,1.0e-8,1.0e-8,1.0e-8,1.0e-8,1.0e-8,1.0e-8,1.0e-8,1.0e-8,1.0e-8,1.0e-8,1.0e-8,1.0e-8,1.0e-8,1.0e-8,1.0e-8,1.0e-8,5.0,5.0,5.0,5.0,5.0,5.0,5.0,5.0,5.0,5.0,5.0,5.0,5.0,5.0,5.0,5.0,1.0e-8,1.0e-8,1.0e-8,1.0e-8,1.0e-8,1.0e-8,1.0e-8,1.0e-8,1.0e-8,1.0e-8,1.0e-8,1.0e-8,1.0e-8,1.0e-8,1.0e-8,1.0e-8,5.0,5.0,5.0,5.0,5.0,5.0,5.0,5.0,5.0,5.0,5.0,5.0,5.0,5.0,5.0,5.0,1.0e-8,1.0e-8,1.0e-8,1.0e-8,1.0e-8,1.0e-8,1.0e-8,1.0e-8,1.0e-8,1.0e-8,1.0e-8,1.0e-8,1.0e-8,1.0e-8,1.0e-8,1.0e-8,5.0,5.0,5.0,5.0,5.0,5.0,5.0,5.0,5.0,5.0,5.0,5.0,5.0,5.0,5.0,5.0,1.0e-8,1.0e-8,1.0e-8,1.0e-8,1.0e-8,1.0e-8,1.0e-8,1.0e-8,1.0e-8,1.0e-8,1.0e-8,1.0e-8,1.0e-8,1.0e-8,1.0e-8,1.0e-8,5.0,5.0,5.0,5.0,5.0,5.0,5.0,5.0,5.0,5.0,5.0,5.0,5.0,5.0,5.0,5.0,1.0e-8,1.0e-8,1.0e-8,1.0e-8,1.0e-8,1.0e-8,1.0e-8,1.0e-8,1.0e-8,1.0e-8,1.0e-8,1.0e-8,1.0e-8,1.0e-8,1.0e-8,1.0e-8,5.0,5.0,5.0,5.0,5.0,5.0,5.0,5.0,5.0,5.0,5.0,5.0,5.0,5.0,5.0,5.0,1.0e-8,1.0e-8,1.0e-8,1.0e-8,1.0e-8,1.0e-8,1.0e-8,1.0e-8,1.0e-8,1.0e-8,1.0e-8,1.0e-8,1.0e-8,1.0e-8,1.0e-8,1.0e-8,5.0,5.0,5.0,5.0,5.0,5.0,5.0,5.0,5.0,5.0,5.0,5.0,5.0,5.0,5.0,5.0,1.0e-8,1.0e-8,1.0e-8,1.0e-8,1.0e-8,1.0e-8,1.0e-8,1.0e-8,1.0e-8,1.0e-8,1.0e-8,1.0e-8,1.0e-8,1.0e-8,1.0e-8,1.0e-8,5.0,5.0,5.0,5.0,5.0,5.0,5.0,5.0,5.0,5.0,5.0,5.0,5.0,5.0,5.0,5.0,1.0e-8,1.0e-8,1.0e-8,1.0e-8,1.0e-8,1.0e-8,1.0e-8,1.0e-8,1.0e-8,1.0e-8,1.0e-8,1.0e-8,1.0e-8,1.0e-8,1.0e-8,1.0e-8
5.0,5.0,5.0,5.0,5.0,5.0,5.0,5.0,5.0,5.0,5.0,5.0,5.0,5.0,5.0,5.0,1.0e-8,1.0e-8,1.0e-8,1.0e-8,1.0e-8,1.0e-8,1.0e-8,1.0e-8,1.0e-8,1.0e-8,1.0e-8,1.0e-8,1.0e-8,1.0e-8,1.0e-8,1.0e-8,5.0,5.0,5.0,5.0,5.0,5.0,5.0,5.0,5.0,5.0,5.0,5.0,5.0,5.0,5.0,5.0,1.0e-8,1.0e-8,1.0e-8,1.0e-8,1.0e-8,1.0e-8,1.0e-8,1.0e-8,1.0e-8,1.0e-8,1.0e-8,1.0e-8,1.0e-8,1.0e-8,1.0e-8,1.0e-8,5.0,5.0,5.0,5.0,5.0,5.0,5.0,5.0,5.0,5.0,5.0,5.0,5.0,5.0,5.0,5.0,1.0e-8,1.0e-8,1.0e-8,1.0e-8,1.0e-8,1.0e-8,1.0e-8,1.0e-8,1.0e-8,1.0e-8,1.0e-8,1.0e-8,1.0e-8,1.0e-8,1.0e-8,1.0e-8,5.0,5.0,5.0,5.0,5.0,5.0,5.0,5.0,5.0,5.0,5.0,5.0,5.0,5.0,5.0,5.0,1.0e-8,1.0e-8,1.0e-8,1.0e-8,1.0e-8,1.0e-8,1.0e-8,1.0e-8,1.0e-8,1.0e-8,1.0e-8,1.0e-8,1.0e-8,1.0e-8,1.0e-8,1.0e-8,5.0,5.0,5.0,5.0,5.0,5.0,5.0,5.0,5.0,5.0,5.0,5.0,5.0,5.0,5.0,5.0,1.0e-8,1.0e-8,1.0e-8,1.0e-8,1.0e-8,1.0e-8,1.0e-8,1.0e-8,1.0e-8,1.0e-8,1.0e-8,1.0e-8,1.0e-8,1.0e-8,1.0e-8,1.0e-8,5.0,5.0,5.0,5.0,5.0,5.0,5.0,5.0,5.0,5.0,5.0,5.0,5.0,5.0,5.0,5.0,1.0e-8,1.0e-8,1.0e-8,1.0e-8,1.0e-8,1.0e-8,1.0e-8,1.0e-8,1.0e-8,1.0e-8,1.0e-8,1.0e-8,1.0e-8,1.0e-8,1.0e-8,1.0e-8,5.0,5.0,5.0,5.0,5.0,5.0,5.0,5.0,5.0,5.0,5.0,5.0,5.0,5.0,5.0,5.0,1.0e-8,1.0e-8,1.0e-8,1.0e-8,1.0e-8,1.0e-8,1.0e-8,1.0e-8,1.0e-8,1.0e-8,1.0e-8,1.0e-8,1.0e-8,1.0e-8,1.0e-8,1.0e-8,5.0,5.0,5.0,5.0,5.0,5.0,5.0,5.0,5.0,5.0,5.0,5.0,5.0,5.0,5.0,5.0,1.0e-8,1.0e-8,1.0e-8,1.0e-8,1.0e-8,1.0e-8,1.0e-8,1.0e-8,1.0e-8,1.0e-8,1.0e-8,1.0e-8,1.0e-8,1.0e-8,1.0e-8,1.0e-8,5.0,5.0,5.0,5.0,5.0,5.0,5.0,5.0,5.0,5.0,5.0,5.0,5.0,5.0,5.0,5.0,1.0e-8,1.0e-8,1.0e-8,1.0e-8,1.0e-8,1.0e-8,1.0e-8,1.0e-8,1.0e-8,1.0e-8,1.0e-8,1.0e-8,1.0e-8,1.0e-8,1.0e-8,1.0e-8,5.0,5.0,5.0,5.0,5.0,5.0,5.0,5.0,5.0,5.0,5.0,5.0,5.0,5.0,5.0,5.0,1.0e-8,1.0e-8,1.0e-8,1.0e-8,1.0e-8,1.0e-8,1.0e-8,1.0e-8,1.0e-8,1.0e-8,1.0e-8,1.0e-8,1.0e-8,1.0e-8,1.0e-8,1.0e-8,5.0,5.0,5.0,5.0,5.0,5.0,5.0,5.0,5.0,5.0,5.0,5.0,5.0,5.0,5.0,5.0,1.0e-8,1.0e-8,1.0e-8,1.0e-8,1.0e-8,1.0e-8,1.0e-8,1.0e-8,1.0e-8,1.0e-8,1.0e-8,1.0e-8,1.0e-8,1.0e-8,1.0e-8,1.0e-8,5.0,5.0,5.0,5.0,5.0,5.0,5.0,5.0,5.0,5.0,5.0,5.0,5.0,5.0,5.0,5.0,1.0e-8,1.0e-8,1.0e-8,1.0e-8,1.0e-8,1.0e-8,1.0e-8,1.0e-8,1.0e-8,1.0e-8,1.0e-8,1.0e-8,1.0e-8,1.0e-8,1.0e-8,1.0e-8,5.0,5.0,5.0,5.0,5.0,5.0,5.0,5.0,5.0,5.0,5.0,5.0,5.0,5.0,5.0,5.0,1.0e-8,1.0e-8,1.0e-8,1.0e-8,1.0e-8,1.0e-8,1.0e-8,1.0e-8,1.0e-8,1.0e-8,1.0e-8,1.0e-8,1.0e-8,1.0e-8,1.0e-8,1.0e-8,5.0,5.0,5.0,5.0,5.0,5.0,5.0,5.0,5.0,5.0,5.0,5.0,5.0,5.0,5.0,5.0,1.0e-8,1.0e-8,1.0e-8,1.0e-8,1.0e-8,1.0e-8,1.0e-8,1.0e-8,1.0e-8,1.0e-8,1.0e-8,1.0e-8,1.0e-8,1.0e-8,1.0e-8,1.0e-8,5.0,5.0,5.0,5.0,5.0,5.0,5.0,5.0,5.0,5.0,5.0,5.0,5.0,5.0,5.0,5.0,1.0e-8,1.0e-8,1.0e-8,1.0e-8,1.0e-8,1.0e-8,1.0e-8,1.0e-8,1.0e-8,1.0e-8,1.0e-8,1.0e-8,1.0e-8,1.0e-8,1.0e-8,1.0e-8,5.0,5.0,5.0,5.0,5.0,5.0,5.0,5.0,5.0,5.0,5.0,5.0,5.0,5.0,5.0,5.0,1.0e-8,1.0e-8,1.0e-8,1.0e-8,1.0e-8,1.0e-8,1.0e-8,1.0e-8,1.0e-8,1.0e-8,1.0e-8,1.0e-8,1.0e-8,1.0e-8,1.0e-8,1.0e-8
5.0,5.0,5.0,5.0,5.0,5.0,5.0,5.0,5.0,5.0,5.0,5.0,5.0,5.0,5.0,5.0,1.0e-8,1.0e-8,1.0e-8,1.0e-8,1.0e-8,1.0e-8,1.0e-8,1.0e-8,1.0e-8,1.0e-8,1.0e-8,1.0e-8,1.0e-8,1.0e-8,1.0e-8,1.0e-8,5.0,5.0,5.0,5.0,5.0,5.0,5.0,5.0,5.0,5.0,5.0,5.0,5.0,5.0,5.0,5.0,1.0e-8,1.0e-8,1.0e-8,1.0e-8,1.0e-8,1.0e-8,1.0e-8,1.0e-8,1.0e-8,1.0e-8,1.0e-8,1.0e-8,1.0e-8,1.0e-8,1.0e-8,1.0e-8,5.0,5.0,5.0,5.0,5.0,5.0,5.0,5.0,5.0,5.0,5.0,5.0,5.0,5.0,5.0,5.0,1.0e-8,1.0e-8,1.0e-8,1.0e-8,1.0e-8,1.0e-8,1.0e-8,1.0e-8,1.0e-8,1.0e-8,1.0e-8,1.0e-8,1.0e-8,1.0e-8,1.0e-8,1.0e-8,5.0,5.0,5.0,5.0,5.0,5.0,5.0,5.0,5.0,5.0,5.0,5.0,5.0,5.0,5.0,5.0,1.0e-8,1.0e-8,1.0e-8,1.0e-8,1.0e-8,1.0e-8,1.0e-8,1.0e-8,1.0e-8,1.0e-8,1.0e-8,1.0e-8,1.0e-8,1.0e-8,1.0e-8,1.0e-8,5.0,5.0,5.0,5.0,5.0,5.0,5.0,5.0,5.0,5.0,5.0,5.0,5.0,5.0,5.0,5.0,1.0e-8,1.0e-8,1.0e-8,1.0e-8,1.0e-8,1.0e-8,1.0e-8,1.0e-8,1.0e-8,1.0e-8,1.0e-8,1.0e-8,1.0e-8,1.0e-8,1.0e-8,1.0e-8,5.0,5.0,5.0,5.0,5.0,5.0,5.0,5.0,5.0,5.0,5.0,5.0,5.0,5.0,5.0,5.0,1.0e-8,1.0e-8,1.0e-8,1.0e-8,1.0e-8,1.0e-8,1.0e-8,1.0e-8,1.0e-8,1.0e-8,1.0e-8,1.0e-8,1.0e-8,1.0e-8,1.0e-8,1.0e-8,5.0,5.0,5.0,5.0,5.0,5.0,5.0,5.0,5.0,5.0,5.0,5.0,5.0,5.0,5.0,5.0,1.0e-8,1.0e-8,1.0e-8,1.0e-8,1.0e-8,1.0e-8,1.0e-8,1.0e-8,1.0e-8,1.0e-8,1.0e-8,1.0e-8,1.0e-8,1.0e-8,1.0e-8,1.0e-8,5.0,5.0,5.0,5.0,5.0,5.0,5.0,5.0,5.0,5.0,5.0,5.0,5.0,5.0,5.0,5.0,1.0e-8,1.0e-8,1.0e-8,1.0e-8,1.0e-8,1.0e-8,1.0e-8,1.0e-8,1.0e-8,1.0e-8,1.0e-8,1.0e-8,1.0e-8,1.0e-8,1.0e-8,1.0e-8,5.0,5.0,5.0,5.0,5.0,5.0,5.0,5.0,5.0,5.0,5.0,5.0,5.0,5.0,5.0,5.0,1.0e-8,1.0e-8,1.0e-8,1.0e-8,1.0e-8,1.0e-8,1.0e-8,1.0e-8,1.0e-8,1.0e-8,1.0e-8,1.0e-8,1.0e-8,1.0e-8,1.0e-8,1.0e-8,5.0,5.0,5.0,5.0,5.0,5.0,5.0,5.0,5.0,5.0,5.0,5.0,5.0,5.0,5.0,5.0,1.0e-8,1.0e-8,1.0e-8,1.0e-8,1.0e-8,1.0e-8,1.0e-8,1.0e-8,1.0e-8,1.0e-8,1.0e-8,1.0e-8,1.0e-8,1.0e-8,1.0e-8,1.0e-8,5.0,5.0,5.0,5.0,5.0,5.0,5.0,5.0,5.0,5.0,5.0,5.0,5.0,5.0,5.0,5.0,1.0e-8,1.0e-8,1.0e-8,1.0e-8,1.0e-8,1.0e-8,1.0e-8,1.0e-8,1.0e-8,1.0e-8,1.0e-8,1.0e-8,1.0e-8,1.0e-8,1.0e-8,1.0e-8,5.0,5.0,5.0,5.0,5.0,5.0,5.0,5.0,5.0,5.0,5.0,5.0,5.0,5.0,5.0,5.0,1.0e-8,1.0e-8,1.0e-8,1.0e-8,1.0e-8,1.0e-8,1.0e-8,1.0e-8,1.0e-8,1.0e-8,1.0e-8,1.0e-8,1.0e-8,1.0e-8,1.0e-8,1.0e-8,5.0,5.0,5.0,5.0,5.0,5.0,5.0,5.0,5.0,5.0,5.0,5.0,5.0,5.0,5.0,5.0,1.0e-8,1.0e-8,1.0e-8,1.0e-8,1.0e-8,1.0e-8,1.0e-8,1.0e-8,1.0e-8,1.0e-8,1.0e-8,1.0e-8,1.0e-8,1.0e-8,1.0e-8,1.0e-8,5.0,5.0,5.0,5.0,5.0,5.0,5.0,5.0,5.0,5.0,5.0,5.0,5.0,5.0,5.0,5.0,1.0e-8,1.0e-8,1.0e-8,1.0e-8,1.0e-8,1.0e-8,1.0e-8,1.0e-8,1.0e-8,1.0e-8,1.0e-8,1.0e-8,1.0e-8,1.0e-8,1.0e-8,1.0e-8,5.0,5.0,5.0,5.0,5.0,5.0,5.0,5.0,5.0,5.0,5.0,5.0,5.0,5.0,5.0,5.0,1.0e-8,1.0e-8,1.0e-8,1.0e-8,1.0e-8,1.0e-8,1.0e-8,1.0e-8,1.0e-8,1.0e-8,1.0e-8,1.0e-8,1.0e-8,1.0e-8,1.0e-8,1.0e-8,5.0,5.0,5.0,5.0,5.0,5.0,5.0,5.0,5.0,5.0,5.0,5.0,5.0,5.0,5.0,5.0,1.0e-8,1.0e-8,1.0e-8,1.0e-8,1.0e-8,1.0e-8,1.0e-8,1.0e-8,1.0e-8,1.0e-8,1.0e-8,1.0e-8,1.0e-8,1.0e-8,1.0e-8,1.0e-8
5.0,5.0,5.0,5.0,5.0,5.0,5.0,5.0,5.0,5.0,5.0,5.0,5.0,5.0,5.0,5.0,1.0e-8,1.0e-8,1.0e-8,1.0e-8,1.0e-8,1.0e-8,1.0e-8,1.0e-8,1.0e-8,1.0e-8,1.0e-8,1.0e-8,1.0e-8,1.0e-8,1.0e-8,1.0e-8,5.0,5.0,5.0,5.0,5.0,5.0,5.0,5.0,5.0,5.0,5.0,5.0,5.0,5.0,5.0,5.0,1.0e-8,1.0e-8,1.0e-8,1.0e-8,1.0e-8,1.0e-8,1.0e-8,1.0e-8,1.0e-8,1.0e-8,1.0e-8,1.0e-8,1.0e-8,1.0e-8,1.0e-8,1.0e-8,5.0,5.0,5.0,5.0,5.0,5.0,5.0,5.0,5.0,5.0,5.0,5.0,5.0,5.0,5.0,5.0,1.0e-8,1.0e-8,1.0e-8,1.0e-8,1.0e-8,1.0e-8,1.0e-8,1.0e-8,1.0e-8,1.0e-8,1.0e-8,1.0e-8,1.0e-8,1.0e-8,1.0e-8,1.0e-8,5.0,5.0,5.0,5.0,5.0,5.0,5.0,5.0,5.0,5.0,5.0,5.0,5.0,5.0,5.0,5.0,1.0e-8,1.0e-8,1.0e-8,1.0e-8,1.0e-8,1.0e-8,1.0e-8,1.0e-8,1.0e-8,1.0e-8,1.0e-8,1.0e-8,1.0e-8,1.0e-8,1.0e-8,1.0e-8,5.0,5.0,5.0,5.0,5.0,5.0,5.0,5.0,5.0,5.0,5.0,5.0,5.0,5.0,5.0,5.0,1.0e-8,1.0e-8,1.0e-8,1.0e-8,1.0e-8,1.0e-8,1.0e-8,1.0e-8,1.0e-8,1.0e-8,1.0e-8,1.0e-8,1.0e-8,1.0e-8,1.0e-8,1.0e-8,5.0,5.0,5.0,5.0,5.0,5.0,5.0,5.0,5.0,5.0,5.0,5.0,5.0,5.0,5.0,5.0,1.0e-8,1.0e-8,1.0e-8,1.0e-8,1.0e-8,1.0e-8,1.0e-8,1.0e-8,1.0e-8,1.0e-8,1.0e-8,1.0e-8,1.0e-8,1.0e-8,1.0e-8,1.0e-8,5.0,5.0,5.0,5.0,5.0,5.0,5.0,5.0,5.0,5.0,5.0,5.0,5.0,5.0,5.0,5.0,1.0e-8,1.0e-8,1.0e-8,1.0e-8,1.0e-8,1.0e-8,1.0e-8,1.0e-8,1.0e-8,1.0e-8,1.0e-8,1.0e-8,1.0e-8,1.0e-8,1.0e-8,1.0e-8,5.0,5.0,5.0,5.0,5.0,5.0,5.0,5.0,5.0,5.0,5.0,5.0,5.0,5.0,5.0,5.0,1.0e-8,1.0e-8,1.0e-8,1.0e-8,1.0e-8,1.0e-8,1.0e-8,1.0e-8,1.0e-8,1.0e-8,1.0e-8,1.0e-8,1.0e-8,1.0e-8,1.0e-8,1.0e-8,5.0,5.0,5.0,5.0,5.0,5.0,5.0,5.0,5.0,5.0,5.0,5.0,5.0,5.0,5.0,5.0,1.0e-8,1.0e-8,1.0e-8,1.0e-8,1.0e-8,1.0e-8,1.0e-8,1.0e-8,1.0e-8,1.0e-8,1.0e-8,1.0e-8,1.0e-8,1.0e-8,1.0e-8,1.0e-8,5.0,5.0,5.0,5.0,5.0,5.0,5.0,5.0,5.0,5.0,5.0,5.0,5.0,5.0,5.0,5.0,1.0e-8,1.0e-8,1.0e-8,1.0e-8,1.0e-8,1.0e-8,1.0e-8,1.0e-8,1.0e-8,1.0e-8,1.0e-8,1.0e-8,1.0e-8,1.0e-8,1.0e-8,1.0e-8,5.0,5.0,5.0,5.0,5.0,5.0,5.0,5.0,5.0,5.0,5.0,5.0,5.0,5.0,5.0,5.0,1.0e-8,1.0e-8,1.0e-8,1.0e-8,1.0e-8,1.0e-8,1.0e-8,1.0e-8,1.0e-8,1.0e-8,1.0e-8,1.0e-8,1.0e-8,1.0e-8,1.0e-8,1.0e-8,5.0,5.0,5.0,5.0,5.0,5.0,5.0,5.0,5.0,5.0,5.0,5.0,5.0,5.0,5.0,5.0,1.0e-8,1.0e-8,1.0e-8,1.0e-8,1.0e-8,1.0e-8,1.0e-8,1.0e-8,1.0e-8,1.0e-8,1.0e-8,1.0e-8,1.0e-8,1.0e-8,1.0e-8,1.0e-8,5.0,5.0,5.0,5.0,5.0,5.0,5.0,5.0,5.0,5.0,5.0,5.0,5.0,5.0,5.0,5.0,1.0e-8,1.0e-8,1.0e-8,1.0e-8,1.0e-8,1.0e-8,1.0e-8,1.0e-8,1.0e-8,1.0e-8,1.0e-8,1.0e-8,1.0e-8,1.0e-8,1.0e-8,1.0e-8,5.0,5.0,5.0,5.0,5.0,5.0,5.0,5.0,5.0,5.0,5.0,5.0,5.0,5.0,5.0,5.0,1.0e-8,1.0e-8,1.0e-8,1.0e-8,1.0e-8,1.0e-8,1.0e-8,1.0e-8,1.0e-8,1.0e-8,1.0e-8,1.0e-8,1.0e-8,1.0e-8,1.0e-8,1.0e-8,5.0,5.0,5.0,5.0,5.0,5.0,5.0,5.0,5.0,5.0,5.0,5.0,5.0,5.0,5.0,5.0,1.0e-8,1.0e-8,1.0e-8,1.0e-8,1.0e-8,1.0e-8,1.0e-8,1.0e-8,1.0e-8,1.0e-8,1.0e-8,1.0e-8,1.0e-8,1.0e-8,1.0e-8,1.0e-8,5.0,5.0,5.0,5.0,5.0,5.0,5.0,5.0,5.0,5.0,5.0,5.0,5.0,5.0,5.0,5.0,1.0e-8,1.0e-8,1.0e-8,1.0e-8,1.0e-8,1.0e-8,1.0e-8,1.0e-8,1.0e-8,1.0e-8,1.0e-8,1.0e-8,1.0e-8,1.0e-8,1.0e-8,1.0e-8
5.0,5.0,5.0,5.0,5.0,5.0,5.0,5.0,5.0,5.0,5.0,5.0,5.0,5.0,5.0,5.0,1.0e-8,1.0e-8,1.0e-8,1.0e-8,1.0e-8,1.0e-8,1.0e-8,1.0e-8,1.0e-8,1.0e-8,1.0e-8,1.0e-8,1.0e-8,1.0e-8,1.0e-8,1.0e-8,5.0,5.0,5.0,5.0,5.0,5.0,5.0,5.0,5.0,5.0,5.0,5.0,5.0,5.0,5.0,5.0,1.0e-8,1.0e-8,1.0e-8,1.0e-8,1.0e-8,1.0e-8,1.0e-8,1.0e-8,1.0e-8,1.0e-8,1.0e-8,1.0e-8,1.0e-8,1.0e-8,1.0e-8,1.0e-8,5.0,5.0,5.0,5.0,5.0,5.0,5.0,5.0,5.0,5.0,5.0,5.0,5.0,5.0,5.0,5.0,1.0e-8,1.0e-8,1.0e-8,1.0e-8,1.0e-8,1.0e-8,1.0e-8,1.0e-8,1.0e-8,1.0e-8,1.0e-8,1.0e-8,1.0e-8,1.0e-8,1.0e-8,1.0e-8,5.0,5.0,5.0,5.0,5.0,5.0,5.0,5.0,5.0,5.0,5.0,5.0,5.0,5.0,5.0,5.0,1.0e-8,1.0e-8,1.0e-8,1.0e-8,1.0e-8,1.0e-8,1.0e-8,1.0e-8,1.0e-8,1.0e-8,1.0e-8,1.0e-8,1.0e-8,1.0e-8,1.0e-8,1.0e-8,5.0,5.0,5.0,5.0,5.0,5.0,5.0,5.0,5.0,5.0,5.0,5.0,5.0,5.0,5.0,5.0,1.0e-8,1.0e-8,1.0e-8,1.0e-8,1.0e-8,1.0e-8,1.0e-8,1.0e-8,1.0e-8,1.0e-8,1.0e-8,1.0e-8,1.0e-8,1.0e-8,1.0e-8,1.0e-8,5.0,5.0,5.0,5.0,5.0,5.0,5.0,5.0,5.0,5.0,5.0,5.0,5.0,5.0,5.0,5.0,1.0e-8,1.0e-8,1.0e-8,1.0e-8,1.0e-8,1.0e-8,1.0e-8,1.0e-8,1.0e-8,1.0e-8,1.0e-8,1.0e-8,1.0e-8,1.0e-8,1.0e-8,1.0e-8,5.0,5.0,5.0,5.0,5.0,5.0,5.0,5.0,5.0,5.0,5.0,5.0,5.0,5.0,5.0,5.0,1.0e-8,1.0e-8,1.0e-8,1.0e-8,1.0e-8,1.0e-8,1.0e-8,1.0e-8,1.0e-8,1.0e-8,1.0e-8,1.0e-8,1.0e-8,1.0e-8,1.0e-8,1.0e-8,5.0,5.0,5.0,5.0,5.0,5.0,5.0,5.0,5.0,5.0,5.0,5.0,5.0,5.0,5.0,5.0,1.0e-8,1.0e-8,1.0e-8,1.0e-8,1.0e-8,1.0e-8,1.0e-8,1.0e-8,1.0e-8,1.0e-8,1.0e-8,1.0e-8,1.0e-8,1.0e-8,1.0e-8,1.0e-8,5.0,5.0,5.0,5.0,5.0,5.0,5.0,5.0,5.0,5.0,5.0,5.0,5.0,5.0,5.0,5.0,1.0e-8,1.0e-8,1.0e-8,1.0e-8,1.0e-8,1.0e-8,1.0e-8,1.0e-8,1.0e-8,1.0e-8,1.0e-8,1.0e-8,1.0e-8,1.0e-8,1.0e-8,1.0e-8,5.0,5.0,5.0,5.0,5.0,5.0,5.0,5.0,5.0,5.0,5.0,5.0,5.0,5.0,5.0,5.0,1.0e-8,1.0e-8,1.0e-8,1.0e-8,1.0e-8,1.0e-8,1.0e-8,1.0e-8,1.0e-8,1.0e-8,1.0e-8,1.0e-8,1.0e-8,1.0e-8,1.0e-8,1.0e-8,5.0,5.0,5.0,5.0,5.0,5.0,5.0,5.0,5.0,5.0,5.0,5.0,5.0,5.0,5.0,5.0,1.0e-8,1.0e-8,1.0e-8,1.0e-8,1.0e-8,1.0e-8,1.0e-8,1.0e-8,1.0e-8,1.0e-8,1.0e-8,1.0e-8,1.0e-8,1.0e-8,1.0e-8,1.0e-8,5.0,5.0,5.0,5.0,5.0,5.0,5.0,5.0,5.0,5.0,5.0,5.0,5.0,5.0,5.0,5.0,1.0e-8,1.0e-8,1.0e-8,1.0e-8,1.0e-8,1.0e-8,1.0e-8,1.0e-8,1.0e-8,1.0e-8,1.0e-8,1.0e-8,1.0e-8,1.0e-8,1.0e-8,1.0e-8,5.0,5.0,5.0,5.0,5.0,5.0,5.0,5.0,5.0,5.0,5.0,5.0,5.0,5.0,5.0,5.0,1.0e-8,1.0e-8,1.0e-8,1.0e-8,1.0e-8,1.0e-8,1.0e-8,1.0e-8,1.0e-8,1.0e-8,1.0e-8,1.0e-8,1.0e-8,1.0e-8,1.0e-8,1.0e-8,5.0,5.0,5.0,5.0,5.0,5.0,5.0,5.0,5.0,5.0,5.0,5.0,5.0,5.0,5.0,5.0,1.0e-8,1.0e-8,1.0e-8,1.0e-8,1.0e-8,1.0e-8,1.0e-8,1.0e-8,1.0e-8,1.0e-8,1.0e-8,1.0e-8,1.0e-8,1.0e-8,1.0e-8,1.0e-8,5.0,5.0,5.0,5.0,5.0,5.0,5.0,5.0,5.0,5.0,5.0,5.0,5.0,5.0,5.0,5.0,1.0e-8,1.0e-8,1.0e-8,1.0e-8,1.0e-8,1.0e-8,1.0e-8,1.0e-8,1.0e-8,1.0e-8,1.0e-8,1.0e-8,1.0e-8,1.0e-8,1.0e-8,1.0e-8,5.0,5.0,5.0,5.0,5.0,5.0,5.0,5.0,5.0,5.0,5.0,5.0,5.0,5.0,5.0,5.0,1.0e-8,1.0e-8,1.0e-8,1.0e-8,1.0e-8,1.0e-8,1.0e-8,1.0e-8,1.0e-8,1.0e-8,1.0e-8,1.0e-8,1.0e-8,1.0e-8,1.0e-8,1.0e-8
5.0,5.0,5.0,5.0,5.0,5.0,5.0,5.0,5.0,5.0,5.0,5.0,5.0,5.0,5.0,5.0,1.0e-8,1.0e-8,1.0e-8,1.0e-8,1.0e-8,1.0e-8,1.0e-8,1.0e-8,1.0e-8,1.0e-8,1.0e-8,1.0e-8,1.0e-8,1.0e-8,1.0e-8,1.0e-8,5.0,5.0,5.0,5.0,5.0,5.0,5.0,5.0,5.0,5.0,5.0,5.0,5.0,5.0,5.0,5.0,1.0e-8,1.0e-8,1.0e-8,1.0e-8,1.0e-8,1.0e-8,1.0e-8,1.0e-8,1.0e-8,1.0e-8,1.0e-8,1.0e-8,1.0e-8,1.0e-8,1.0e-8,1.0e-8,5.0,5.0,5.0,5.0,5.0,5.0,5.0,5.0,5.0,5.0,5.0,5.0,5.0,5.0,5.0,5.0,1.0e-8,1.0e-8,1.0e-8,1.0e-8,1.0e-8,1.0e-8,1.0e-8,1.0e-8,1.0e-8,1.0e-8,1.0e-8,1.0e-8,1.0e-8,1.0e-8,1.0e-8,1.0e-8,5.0,5.0,5.0,5.0,5.0,5.0,5.0,5.0,5.0,5.0,5.0,5.0,5.0,5.0,5.0,5.0,1.0e-8,1.0e-8,1.0e-8,1.0e-8,1.0e-8,1.0e-8,1.0e-8,1.0e-8,1.0e-8,1.0e-8,1.0e-8,1.0e-8,1.0e-8,1.0e-8,1.0e-8,1.0e-8,5.0,5.0,5.0,5.0,5.0,5.0,5.0,5.0,5.0,5.0,5.0,5.0,5.0,5.0,5.0,5.0,1.0e-8,1.0e-8,1.0e-8,1.0e-8,1.0e-8,1.0e-8,1.0e-8,1.0e-8,1.0e-8,1.0e-8,1.0e-8,1.0e-8,1.0e-8,1.0e-8,1.0e-8,1.0e-8,5.0,5.0,5.0,5.0,5.0,5.0,5.0,5.0,5.0,5.0,5.0,5.0,5.0,5.0,5.0,5.0,1.0e-8,1.0e-8,1.0e-8,1.0e-8,1.0e-8,1.0e-8,1.0e-8,1.0e-8,1.0e-8,1.0e-8,1.0e-8,1.0e-8,1.0e-8,1.0e-8,1.0e-8,1.0e-8,5.0,5.0,5.0,5.0,5.0,5.0,5.0,5.0,5.0,5.0,5.0,5.0,5.0,5.0,5.0,5.0,1.0e-8,1.0e-8,1.0e-8,1.0e-8,1.0e-8,1.0e-8,1.0e-8,1.0e-8,1.0e-8,1.0e-8,1.0e-8,1.0e-8,1.0e-8,1.0e-8,1.0e-8,1.0e-8,5.0,5.0,5.0,5.0,5.0,5.0,5.0,5.0,5.0,5.0,5.0,5.0,5.0,5.0,5.0,5.0,1.0e-8,1.0e-8,1.0e-8,1.0e-8,1.0e-8,1.0e-8,1.0e-8,1.0e-8,1.0e-8,1.0e-8,1.0e-8,1.0e-8,1.0e-8,1.0e-8,1.0e-8,1.0e-8,5.0,5.0,5.0,5.0,5.0,5.0,5.0,5.0,5.0,5.0,5.0,5.0,5.0,5.0,5.0,5.0,1.0e-8,1.0e-8,1.0e-8,1.0e-8,1.0e-8,1.0e-8,1.0e-8,1.0e-8,1.0e-8,1.0e-8,1.0e-8,1.0e-8,1.0e-8,1.0e-8,1.0e-8,1.0e-8,5.0,5.0,5.0,5.0,5.0,5.0,5.0,5.0,5.0,5.0,5.0,5.0,5.0,5.0,5.0,5.0,1.0e-8,1.0e-8,1.0e-8,1.0e-8,1.0e-8,1.0e-8,1.0e-8,1.0e-8,1.0e-8,1.0e-8,1.0e-8,1.0e-8,1.0e-8,1.0e-8,1.0e-8,1.0e-8,5.0,5.0,5.0,5.0,5.0,5.0,5.0,5.0,5.0,5.0,5.0,5.0,5.0,5.0,5.0,5.0,1.0e-8,1.0e-8,1.0e-8,1.0e-8,1.0e-8,1.0e-8,1.0e-8,1.0e-8,1.0e-8,1.0e-8,1.0e-8,1.0e-8,1.0e-8,1.0e-8,1.0e-8,1.0e-8,5.0,5.0,5.0,5.0,5.0,5.0,5.0,5.0,5.0,5.0,5.0,5.0,5.0,5.0,5.0,5.0,1.0e-8,1.0e-8,1.0e-8,1.0e-8,1.0e-8,1.0e-8,1.0e-8,1.0e-8,1.0e-8,1.0e-8,1.0e-8,1.0e-8,1.0e-8,1.0e-8,1.0e-8,1.0e-8,5.0,5.0,5.0,5.0,5.0,5.0,5.0,5.0,5.0,5.0,5.0,5.0,5.0,5.0,5.0,5.0,1.0e-8,1.0e-8,1.0e-8,1.0e-8,1.0e-8,1.0e-8,1.0e-8,1.0e-8,1.0e-8,1.0e-8,1.0e-8,1.0e-8,1.0e-8,1.0e-8,1.0e-8,1.0e-8,5.0,5.0,5.0,5.0,5.0,5.0,5.0,5.0,5.0,5.0,5.0,5.0,5.0,5.0,5.0,5.0,1.0e-8,1.0e-8,1.0e-8,1.0e-8,1.0e-8,1.0e-8,1.0e-8,1.0e-8,1.0e-8,1.0e-8,1.0e-8,1.0e-8,1.0e-8,1.0e-8,1.0e-8,1.0e-8,5.0,5.0,5.0,5.0,5.0,5.0,5.0,5.0,5.0,5.0,5.0,5.0,5.0,5.0,5.0,5.0,1.0e-8,1.0e-8,1.0e-8,1.0e-8,1.0e-8,1.0e-8,1.0e-8,1.0e-8,1.0e-8,1.0e-8,1.0e-8,1.0e-8,1.0e-8,1.0e-8,1.0e-8,1.0e-8,5.0,5.0,5.0,5.0,5.0,5.0,5.0,5.0,5.0,5.0,5.0,5.0,5.0,5.0,5.0,5.0,1.0e-8,1.0e-8,1.0e-8,1.0e-8,1.0e-8,1.0e-8,1.0e-8,1.0e-8,1.0e-8,1.0e-8,1.0e-8,1.0e-8,1.0e-8,1.0e-8,1.0e-8,1.0e-8
5.0,5.0,5.0,5.0,5.0,5.0,5.0,5.0,5.0,5.0,5.0,5.0,5.0,5.0,5.0,5.0,1.0e-8,1.0e-8,1.0e-8,1.0e-8,1.0e-8,1.0e-8,1.0e-8,1.0e-8,1.0e-8,1.0e-8,1.0e-8,1.0e-8,1.0e-8,1.0e-8,1.0e-8,1.0e-8,5.0,5.0,5.0,5.0,5.0,5.0,5.0,5.0,5.0,5.0,5.0,5.0,5.0,5.0,5.0,5.0,1.0e-8,1.0e-8,1.0e-8,1.0e-8,1.0e-8,1.0e-8,1.0e-8,1.0e-8,1.0e-8,1.0e-8,1.0e-8,1.0e-8,1.0e-8,1.0e-8,1.0e-8,1.0e-8,5.0,5.0,5.0,5.0,5.0,5.0,5.0,5.0,5.0,5.0,5.0,5.0,5.0,5.0,5.0,5.0,1.0e-8,1.0e-8,1.0e-8,1.0e-8,1.0e-8,1.0e-8,1.0e-8,1.0e-8,1.0e-8,1.0e-8,1.0e-8,1.0e-8,1.0e-8,1.0e-8,1.0e-8,1.0e-8,5.0,5.0,5.0,5.0,5.0,5.0,5.0,5.0,5.0,5.0,5.0,5.0,5.0,5.0,5.0,5.0,1.0e-8,1.0e-8,1.0e-8,1.0e-8,1.0e-8,1.0e-8,1.0e-8,1.0e-8,1.0e-8,1.0e-8,1.0e-8,1.0e-8,1.0e-8,1.0e-8,1.0e-8,1.0e-8,5.0,5.0,5.0,5.0,5.0,5.0,5.0,5.0,5.0,5.0,5.0,5.0,5.0,5.0,5.0,5.0,1.0e-8,1.0e-8,1.0e-8,1.0e-8,1.0e-8,1.0e-8,1.0e-8,1.0e-8,1.0e-8,1.0e-8,1.0e-8,1.0e-8,1.0e-8,1.0e-8,1.0e-8,1.0e-8,5.0,5.0,5.0,5.0,5.0,5.0,5.0,5.0,5.0,5.0,5.0,5.0,5.0,5.0,5.0,5.0,1.0e-8,1.0e-8,1.0e-8,1.0e-8,1.0e-8,1.0e-8,1.0e-8,1.0e-8,1.0e-8,1.0e-8,1.0e-8,1.0e-8,1.0e-8,1.0e-8,1.0e-8,1.0e-8,5.0,5.0,5.0,5.0,5.0,5.0,5.0,5.0,5.0,5.0,5.0,5.0,5.0,5.0,5.0,5.0,1.0e-8,1.0e-8,1.0e-8,1.0e-8,1.0e-8,1.0e-8,1.0e-8,1.0e-8,1.0e-8,1.0e-8,1.0e-8,1.0e-8,1.0e-8,1.0e-8,1.0e-8,1.0e-8,5.0,5.0,5.0,5.0,5.0,5.0,5.0,5.0,5.0,5.0,5.0,5.0,5.0,5.0,5.0,5.0,1.0e-8,1.0e-8,1.0e-8,1.0e-8,1.0e-8,1.0e-8,1.0e-8,1.0e-8,1.0e-8,1.0e-8,1.0e-8,1.0e-8,1.0e-8,1.0e-8,1.0e-8,1.0e-8,5.0,5.0,5.0,5.0,5.0,5.0,5.0,5.0,5.0,5.0,5.0,5.0,5.0,5.0,5.0,5.0,1.0e-8,1.0e-8,1.0e-8,1.0e-8,1.0e-8,1.0e-8,1.0e-8,1.0e-8,1.0e-8,1.0e-8,1.0e-8,1.0e-8,1.0e-8,1.0e-8,1.0e-8,1.0e-8,5.0,5.0,5.0,5.0,5.0,5.0,5.0,5.0,5.0,5.0,5.0,5.0,5.0,5.0,5.0,5.0,1.0e-8,1.0e-8,1.0e-8,1.0e-8,1.0e-8,1.0e-8,1.0e-8,1.0e-8,1.0e-8,1.0e-8,1.0e-8,1.0e-8,1.0e-8,1.0e-8,1.0e-8,1.0e-8,5.0,5.0,5.0,5.0,5.0,5.0,5.0,5.0,5.0,5.0,5.0,5.0,5.0,5.0,5.0,5.0,1.0e-8,1.0e-8,1.0e-8,1.0e-8,1.0e-8,1.0e-8,1.0e-8,1.0e-8,1.0e-8,1.0e-8,1.0e-8,1.0e-8,1.0e-8,1.0e-8,1.0e-8,1.0e-8,5.0,5.0,5.0,5.0,5.0,5.0,5.0,5.0,5.0,5.0,5.0,5.0,5.0,5.0,5.0,5.0,1.0e-8,1.0e-8,1.0e-8,1.0e-8,1.0e-8,1.0e-8,1.0e-8,1.0e-8,1.0e-8,1.0e-8,1.0e-8,1.0e-8,1.0e-8,1.0e-8,1.0e-8,1.0e-8,5.0,5.0,5.0,5.0,5.0,5.0,5.0,5.0,5.0,5.0,5.0,5.0,5.0,5.0,5.0,5.0,1.0e-8,1.0e-8,1.0e-8,1.0e-8,1.0e-8,1.0e-8,1.0e-8,1.0e-8,1.0e-8,1.0e-8,1.0e-8,1.0e-8,1.0e-8,1.0e-8,1.0e-8,1.0e-8,5.0,5.0,5.0,5.0,5.0,5.0,5.0,5.0,5.0,5.0,5.0,5.0,5.0,5.0,5.0,5.0,1.0e-8,1.0e-8,1.0e-8,1.0e-8,1.0e-8,1.0e-8,1.0e-8,1.0e-8,1.0e-8,1.0e-8,1.0e-8,1.0e-8,1.0e-8,1.0e-8,1.0e-8,1.0e-8,5.0,5.0,5.0,5.0,5.0,5.0,5.0,5.0,5.0,5.0,5.0,5.0,5.0,5.0,5.0,5.0,1.0e-8,1.0e-8,1.0e-8,1.0e-8,1.0e-8,1.0e-8,1.0e-8,1.0e-8,1.0e-8,1.0e-8,1.0e-8,1.0e-8,1.0e-8,1.0e-8,1.0e-8,1.0e-8,5.0,5.0,5.0,5.0,5.0,5.0,5.0,5.0,5.0,5.0,5.0,5.0,5.0,5.0,5.0,5.0,1.0e-8,1.0e-8,1.0e-8,1.0e-8,1.0e-8,1.0e-8,1.0e-8,1.0e-8,1.0e-8,1.0e-8,1.0e-8,1.0e-8,1.0e-8,1.0e-8,1.0e-8,1.0e-8
